PRAGMA foreign_keys=OFF;
BEGIN TRANSACTION;
CREATE TABLE IF NOT EXISTS "migrations" ("id" integer primary key autoincrement not null, "migration" varchar not null, "batch" integer not null);
INSERT INTO migrations VALUES(1,'0001_01_01_000000_create_users_table',1);
INSERT INTO migrations VALUES(2,'0001_01_01_000001_create_cache_table',1);
INSERT INTO migrations VALUES(3,'0001_01_01_000002_create_jobs_table',1);
INSERT INTO migrations VALUES(4,'2026_03_26_223717_create_shops_table',1);
INSERT INTO migrations VALUES(5,'2026_03_26_223816_create_branches_table',1);
INSERT INTO migrations VALUES(6,'2026_03_26_223839_create_products_table',1);
INSERT INTO migrations VALUES(7,'2026_03_26_223914_create_branch_stocks_table',1);
INSERT INTO migrations VALUES(8,'2026_03_26_223937_create_customers_table',1);
INSERT INTO migrations VALUES(9,'2026_03_26_224010_create_sales_table',1);
INSERT INTO migrations VALUES(10,'2026_03_26_224435_create_sale_items_table',1);
INSERT INTO migrations VALUES(11,'2026_03_26_224453_create_payments_table',1);
INSERT INTO migrations VALUES(12,'2026_03_26_224504_create_expenses_table',1);
INSERT INTO migrations VALUES(13,'2026_03_26_224525_create_activity_logs_table',1);
INSERT INTO migrations VALUES(14,'2026_03_27_000000_create_sessions_table',1);
INSERT INTO migrations VALUES(15,'2026_03_30_161557_create_stock_transfers_table',1);
INSERT INTO migrations VALUES(16,'2026_04_05_130012_setings',1);
INSERT INTO migrations VALUES(17,'2026_04_10_105222_create_purchase_orders_table',1);
INSERT INTO migrations VALUES(18,'2026_04_13_113045_create_licenses_table',2);
INSERT INTO migrations VALUES(19,'2026_04_13_120000_create_license_plans_table',2);
INSERT INTO migrations VALUES(20,'2026_04_13_130000_create_license_verifications_table',3);
INSERT INTO migrations VALUES(21,'2026_04_13_140000_add_is_active_to_license_plans_table',4);
CREATE TABLE IF NOT EXISTS "users" ("id" integer primary key autoincrement not null, "shop_id" integer, "branch_id" integer, "name" varchar not null, "email" varchar not null, "phone" varchar, "role" varchar check ("role" in ('owner', 'admin', 'manager', 'cashier')) not null default 'cashier', "email_verified_at" datetime, "password" varchar not null, "is_active" tinyint(1) not null default '1', "remember_token" varchar, "created_at" datetime, "updated_at" datetime, foreign key("shop_id") references "shops"("id") on delete set null, foreign key("branch_id") references "branches"("id") on delete set null);
INSERT INTO users VALUES(1,1,1,'Graham Ransford','grahamransford3@gmail.com','0542069352','owner',NULL,'$2y$12$IH1V7alfN9RiXXJ2QoTeJ.E4dMGB6c4lw2Pf7SuuH3.Cgak2Es4d6',1,NULL,'2026-04-11 17:44:56','2026-04-11 17:44:56');
CREATE TABLE IF NOT EXISTS "cache" ("key" varchar not null, "value" text not null, "expiration" integer not null, primary key ("key"));
CREATE TABLE IF NOT EXISTS "cache_locks" ("key" varchar not null, "owner" varchar not null, "expiration" integer not null, primary key ("key"));
CREATE TABLE IF NOT EXISTS "jobs" ("id" integer primary key autoincrement not null, "queue" varchar not null, "payload" text not null, "attempts" integer not null, "reserved_at" integer, "available_at" integer not null, "created_at" integer not null);
CREATE TABLE IF NOT EXISTS "job_batches" ("id" varchar not null, "name" varchar not null, "total_jobs" integer not null, "pending_jobs" integer not null, "failed_jobs" integer not null, "failed_job_ids" text not null, "options" text, "cancelled_at" integer, "created_at" integer not null, "finished_at" integer, primary key ("id"));
CREATE TABLE IF NOT EXISTS "failed_jobs" ("id" integer primary key autoincrement not null, "uuid" varchar not null, "connection" text not null, "queue" text not null, "payload" text not null, "exception" text not null, "failed_at" datetime not null default CURRENT_TIMESTAMP);
CREATE TABLE IF NOT EXISTS "shops" ("id" integer primary key autoincrement not null, "name" varchar not null, "slug" varchar not null, "email" varchar, "phone" varchar, "address" varchar, "logo" varchar, "currency" varchar not null default 'GHS', "currency_symbol" varchar not null default '₵', "is_active" tinyint(1) not null default '1', "created_at" datetime, "updated_at" datetime);
INSERT INTO shops VALUES(1,'university of cape coast ,information management section','university-of-cape-coast-information-management-section-Ws2B','grahamransford3@gmail.com','0542069352','Amamoma,Cape Coast Ghana',NULL,'GHS','C',1,'2026-04-11 17:44:55','2026-04-11 17:44:55');
CREATE TABLE IF NOT EXISTS "branches" ("id" integer primary key autoincrement not null, "shop_id" integer not null, "name" varchar not null, "address" varchar, "phone" varchar, "is_active" tinyint(1) not null default '1', "created_at" datetime, "updated_at" datetime, foreign key("shop_id") references "shops"("id") on delete cascade);
INSERT INTO branches VALUES(1,1,'Main Branch','Amamoma,Cape Coast Ghana','0542069352',1,'2026-04-11 17:44:55','2026-04-11 17:44:55');
CREATE TABLE IF NOT EXISTS "products" ("id" integer primary key autoincrement not null, "shop_id" integer not null, "name" varchar not null, "barcode" varchar, "sku" varchar, "category" varchar, "description" text, "price" numeric not null default '0', "cost" numeric not null default '0', "unit" varchar not null default 'piece', "image" varchar, "is_active" tinyint(1) not null default '1', "created_at" datetime, "updated_at" datetime, foreign key("shop_id") references "shops"("id") on delete cascade);
INSERT INTO products VALUES(1,1,'Aiko Valentine','Vitae earum tempor a','Nihil iure nihil qui','Quas quisquam non do','Exercitation dolore',810,44,'metre',NULL,1,'2026-04-13 15:12:24','2026-04-13 15:12:24');
CREATE TABLE IF NOT EXISTS "branch_stocks" ("id" integer primary key autoincrement not null, "branch_id" integer not null, "product_id" integer not null, "quantity" numeric not null default '0', "low_stock_alert" numeric not null default '5', "created_at" datetime, "updated_at" datetime, foreign key("branch_id") references "branches"("id") on delete cascade, foreign key("product_id") references "products"("id") on delete cascade);
INSERT INTO branch_stocks VALUES(1,1,1,748,66,'2026-04-13 15:12:24','2026-04-13 18:58:14');
CREATE TABLE IF NOT EXISTS "customers" ("id" integer primary key autoincrement not null, "shop_id" integer not null, "name" varchar not null, "phone" varchar, "email" varchar, "address" varchar, "credit_limit" numeric not null default '0', "outstanding_balance" numeric not null default '0', "created_at" datetime, "updated_at" datetime, foreign key("shop_id") references "shops"("id") on delete cascade);
INSERT INTO customers VALUES(1,1,'Graham Ransford','0542069352','grahamransford3@gmail.com',NULL,0,0,'2026-04-13 18:58:08','2026-04-13 18:58:08');
INSERT INTO customers VALUES(2,1,'Graham Ransford','0542069352','grahamransford3@gmail.com',NULL,0,0,'2026-04-13 18:58:11','2026-04-13 18:58:11');
CREATE TABLE IF NOT EXISTS "sales" ("id" integer primary key autoincrement not null, "reference" varchar not null, "branch_id" integer not null, "user_id" integer not null, "customer_id" integer, "subtotal" numeric not null default '0', "discount" numeric not null default '0', "tax" numeric not null default '0', "total" numeric not null default '0', "amount_paid" numeric not null default '0', "change" numeric not null default '0', "balance_due" numeric not null default '0', "status" varchar check ("status" in ('completed', 'pending', 'cancelled', 'refunded')) not null default 'completed', "payment_status" varchar check ("payment_status" in ('paid', 'partial', 'unpaid')) not null default 'paid', "notes" text, "created_at" datetime, "updated_at" datetime, foreign key("branch_id") references "branches"("id") on delete cascade, foreign key("user_id") references "users"("id") on delete cascade, foreign key("customer_id") references "customers"("id") on delete set null);
INSERT INTO sales VALUES(1,'SALE-20260413-0001',1,1,NULL,810,0,0,810,810,0,0,'completed','paid',NULL,'2026-04-13 15:12:40','2026-04-13 15:12:40');
INSERT INTO sales VALUES(2,'SALE-20260413-0002',1,1,NULL,810,0,0,810,810,0,0,'completed','paid',NULL,'2026-04-13 15:15:06','2026-04-13 15:15:06');
INSERT INTO sales VALUES(3,'SALE-20260413-0003',1,1,NULL,810,0,0,810,810,0,0,'completed','paid',NULL,'2026-04-13 15:18:03','2026-04-13 15:18:03');
INSERT INTO sales VALUES(4,'SALE-20260413-0004',1,1,NULL,810,0,0,810,810,0,0,'completed','paid',NULL,'2026-04-13 15:18:57','2026-04-13 15:18:57');
INSERT INTO sales VALUES(5,'SALE-20260413-0005',1,1,NULL,810,0,0,810,810,0,0,'completed','paid',NULL,'2026-04-13 15:27:03','2026-04-13 15:27:03');
INSERT INTO sales VALUES(6,'SALE-20260413-0006',1,1,NULL,810,0,0,810,810,0,0,'completed','paid',NULL,'2026-04-13 15:34:43','2026-04-13 15:34:43');
INSERT INTO sales VALUES(7,'SALE-20260413-0007',1,1,NULL,810,0,0,810,810,0,0,'completed','paid',NULL,'2026-04-13 15:35:31','2026-04-13 15:35:31');
INSERT INTO sales VALUES(8,'SALE-20260413-0008',1,1,NULL,810,0,0,810,810,0,0,'completed','paid',NULL,'2026-04-13 15:36:58','2026-04-13 15:36:58');
INSERT INTO sales VALUES(9,'SALE-20260413-0009',1,1,NULL,810,0,0,810,810,0,0,'completed','paid',NULL,'2026-04-13 18:58:14','2026-04-13 18:58:14');
CREATE TABLE IF NOT EXISTS "sale_items" ("id" integer primary key autoincrement not null, "sale_id" integer not null, "product_id" integer not null, "product_name" varchar not null, "price" numeric not null, "cost" numeric not null default '0', "quantity" numeric not null, "discount" numeric not null default '0', "total" numeric not null, "is_returned" tinyint(1) not null default '0', "returned_quantity" numeric not null default '0', "created_at" datetime, "updated_at" datetime, foreign key("sale_id") references "sales"("id") on delete cascade, foreign key("product_id") references "products"("id") on delete cascade);
INSERT INTO sale_items VALUES(1,1,1,'Aiko Valentine',810,44,1,0,810,0,0,'2026-04-13 15:12:40','2026-04-13 15:12:40');
INSERT INTO sale_items VALUES(2,2,1,'Aiko Valentine',810,44,1,0,810,0,0,'2026-04-13 15:15:06','2026-04-13 15:15:06');
INSERT INTO sale_items VALUES(3,3,1,'Aiko Valentine',810,44,1,0,810,0,0,'2026-04-13 15:18:03','2026-04-13 15:18:03');
INSERT INTO sale_items VALUES(4,4,1,'Aiko Valentine',810,44,1,0,810,0,0,'2026-04-13 15:18:57','2026-04-13 15:18:57');
INSERT INTO sale_items VALUES(5,5,1,'Aiko Valentine',810,44,1,0,810,0,0,'2026-04-13 15:27:03','2026-04-13 15:27:03');
INSERT INTO sale_items VALUES(6,6,1,'Aiko Valentine',810,44,1,0,810,0,0,'2026-04-13 15:34:43','2026-04-13 15:34:43');
INSERT INTO sale_items VALUES(7,7,1,'Aiko Valentine',810,44,1,0,810,0,0,'2026-04-13 15:35:31','2026-04-13 15:35:31');
INSERT INTO sale_items VALUES(8,8,1,'Aiko Valentine',810,44,1,0,810,0,0,'2026-04-13 15:36:58','2026-04-13 15:36:58');
INSERT INTO sale_items VALUES(9,9,1,'Aiko Valentine',810,44,1,0,810,0,0,'2026-04-13 18:58:14','2026-04-13 18:58:14');
CREATE TABLE IF NOT EXISTS "payments" ("id" integer primary key autoincrement not null, "sale_id" integer not null, "customer_id" integer, "method" varchar check ("method" in ('cash', 'mobile_money', 'card', 'credit')) not null default 'cash', "amount" numeric not null, "reference" varchar, "notes" text, "created_at" datetime, "updated_at" datetime, foreign key("sale_id") references "sales"("id") on delete cascade, foreign key("customer_id") references "customers"("id") on delete set null);
INSERT INTO payments VALUES(1,1,NULL,'cash',810,NULL,NULL,'2026-04-13 15:12:40','2026-04-13 15:12:40');
INSERT INTO payments VALUES(2,2,NULL,'cash',810,NULL,NULL,'2026-04-13 15:15:06','2026-04-13 15:15:06');
INSERT INTO payments VALUES(3,3,NULL,'cash',810,NULL,NULL,'2026-04-13 15:18:03','2026-04-13 15:18:03');
INSERT INTO payments VALUES(4,4,NULL,'cash',810,NULL,NULL,'2026-04-13 15:18:57','2026-04-13 15:18:57');
INSERT INTO payments VALUES(5,5,NULL,'cash',810,NULL,NULL,'2026-04-13 15:27:03','2026-04-13 15:27:03');
INSERT INTO payments VALUES(6,6,NULL,'cash',810,NULL,NULL,'2026-04-13 15:34:43','2026-04-13 15:34:43');
INSERT INTO payments VALUES(7,7,NULL,'cash',810,NULL,NULL,'2026-04-13 15:35:31','2026-04-13 15:35:31');
INSERT INTO payments VALUES(8,8,NULL,'cash',810,NULL,NULL,'2026-04-13 15:36:58','2026-04-13 15:36:58');
INSERT INTO payments VALUES(9,9,NULL,'cash',810,NULL,NULL,'2026-04-13 18:58:14','2026-04-13 18:58:14');
CREATE TABLE IF NOT EXISTS "expenses" ("id" integer primary key autoincrement not null, "branch_id" integer not null, "user_id" integer not null, "title" varchar not null, "category" varchar not null default 'general', "amount" numeric not null, "notes" text, "expense_date" date not null, "created_at" datetime, "updated_at" datetime, foreign key("branch_id") references "branches"("id") on delete cascade, foreign key("user_id") references "users"("id") on delete cascade);
CREATE TABLE IF NOT EXISTS "activity_logs" ("id" integer primary key autoincrement not null, "user_id" integer, "branch_id" integer, "action" varchar not null, "model_type" varchar, "model_id" integer, "data" text, "ip_address" varchar, "created_at" datetime, "updated_at" datetime, foreign key("user_id") references "users"("id") on delete set null, foreign key("branch_id") references "branches"("id") on delete set null);
INSERT INTO activity_logs VALUES(1,1,1,'login',NULL,NULL,'[]','127.0.0.1','2026-04-13 09:44:03','2026-04-13 09:44:03');
INSERT INTO activity_logs VALUES(2,1,1,'login',NULL,NULL,'[]','127.0.0.1','2026-04-13 11:49:14','2026-04-13 11:49:14');
INSERT INTO activity_logs VALUES(3,1,1,'logout',NULL,NULL,'[]','127.0.0.1','2026-04-13 11:57:26','2026-04-13 11:57:26');
INSERT INTO activity_logs VALUES(4,1,1,'login',NULL,NULL,'[]','127.0.0.1','2026-04-13 11:58:59','2026-04-13 11:58:59');
INSERT INTO activity_logs VALUES(5,1,1,'logout',NULL,NULL,'[]','127.0.0.1','2026-04-13 12:01:47','2026-04-13 12:01:47');
INSERT INTO activity_logs VALUES(6,1,1,'login',NULL,NULL,'[]','127.0.0.1','2026-04-13 12:02:03','2026-04-13 12:02:03');
INSERT INTO activity_logs VALUES(7,1,1,'logout',NULL,NULL,'[]','127.0.0.1','2026-04-13 12:05:00','2026-04-13 12:05:00');
INSERT INTO activity_logs VALUES(8,1,1,'login',NULL,NULL,'[]','127.0.0.1','2026-04-13 12:06:19','2026-04-13 12:06:19');
INSERT INTO activity_logs VALUES(9,1,1,'logout',NULL,NULL,'[]','127.0.0.1','2026-04-13 13:37:10','2026-04-13 13:37:10');
INSERT INTO activity_logs VALUES(10,1,1,'login',NULL,NULL,'[]','127.0.0.1','2026-04-13 13:37:19','2026-04-13 13:37:19');
INSERT INTO activity_logs VALUES(11,1,1,'login',NULL,NULL,'[]','127.0.0.1','2026-04-13 14:45:31','2026-04-13 14:45:31');
INSERT INTO activity_logs VALUES(12,1,1,'product_created','App\Models\Product',1,'{"product":"Aiko Valentine"}','127.0.0.1','2026-04-13 15:12:24','2026-04-13 15:12:24');
INSERT INTO activity_logs VALUES(13,1,1,'sale_completed','App\Models\Sale',1,'{"reference":"SALE-20260413-0001","total":810}','127.0.0.1','2026-04-13 15:12:40','2026-04-13 15:12:40');
INSERT INTO activity_logs VALUES(14,1,1,'sale_completed','App\Models\Sale',2,'{"reference":"SALE-20260413-0002","total":810}','127.0.0.1','2026-04-13 15:15:06','2026-04-13 15:15:06');
INSERT INTO activity_logs VALUES(15,1,1,'sale_completed','App\Models\Sale',3,'{"reference":"SALE-20260413-0003","total":810}','127.0.0.1','2026-04-13 15:18:03','2026-04-13 15:18:03');
INSERT INTO activity_logs VALUES(16,1,1,'sale_completed','App\Models\Sale',4,'{"reference":"SALE-20260413-0004","total":810}','127.0.0.1','2026-04-13 15:18:57','2026-04-13 15:18:57');
INSERT INTO activity_logs VALUES(17,1,1,'sale_completed','App\Models\Sale',5,'{"reference":"SALE-20260413-0005","total":810}','127.0.0.1','2026-04-13 15:27:03','2026-04-13 15:27:03');
INSERT INTO activity_logs VALUES(18,1,1,'sale_completed','App\Models\Sale',6,'{"reference":"SALE-20260413-0006","total":810}','127.0.0.1','2026-04-13 15:34:43','2026-04-13 15:34:43');
INSERT INTO activity_logs VALUES(19,1,1,'sale_completed','App\Models\Sale',7,'{"reference":"SALE-20260413-0007","total":810}','127.0.0.1','2026-04-13 15:35:31','2026-04-13 15:35:31');
INSERT INTO activity_logs VALUES(20,1,1,'sale_completed','App\Models\Sale',8,'{"reference":"SALE-20260413-0008","total":810}','127.0.0.1','2026-04-13 15:36:58','2026-04-13 15:36:58');
INSERT INTO activity_logs VALUES(21,1,1,'sale_completed','App\Models\Sale',9,'{"reference":"SALE-20260413-0009","total":810}','127.0.0.1','2026-04-13 18:58:14','2026-04-13 18:58:14');
CREATE TABLE IF NOT EXISTS "sessions" ("id" varchar not null, "user_id" integer, "ip_address" varchar, "user_agent" text, "payload" text not null, "last_activity" integer not null, primary key ("id"));
INSERT INTO sessions VALUES('ztp1fBY86ZaRzXrADEtU7dIZs2F6V0Fz4Wayyho5',1,'127.0.0.1','Mozilla/5.0 (Windows NT 10.0; Win64; x64) AppleWebKit/537.36 (KHTML, like Gecko) Chrome/146.0.0.0 Safari/537.36 Edg/146.0.0.0','eyJfdG9rZW4iOiI5R29QZW1wM0FzQlFEUDFzVXZUSzdPdm5yZjlrM2dGNFU2VW9VaGdGIiwidXJsIjpbXSwiX3ByZXZpb3VzIjp7InVybCI6Imh0dHBzOlwvXC9zaG9wcG9zLnRlc3RcL2JyYW5jaGVzIiwicm91dGUiOiJicmFuY2hlcy5pbmRleCJ9LCJfZmxhc2giOnsib2xkIjpbXSwibmV3IjpbXX0sImxvZ2luX3dlYl81OWJhMzZhZGRjMmIyZjk0MDE1ODBmMDE0YzdmNThlYTRlMzA5ODlkIjoxfQ==',1776106778);
CREATE TABLE IF NOT EXISTS "stock_transfers" ("id" integer primary key autoincrement not null, "product_id" integer not null, "from_branch_id" integer not null, "to_branch_id" integer not null, "user_id" integer not null, "quantity" numeric not null, "notes" text, "created_at" datetime, "updated_at" datetime, foreign key("product_id") references "products"("id") on delete cascade, foreign key("from_branch_id") references "branches"("id") on delete cascade, foreign key("to_branch_id") references "branches"("id") on delete cascade, foreign key("user_id") references "users"("id") on delete cascade);
CREATE TABLE IF NOT EXISTS "settings" ("id" integer primary key autoincrement not null, "shop_id" integer not null, "branch_id" integer, "key" varchar not null, "value" text, "type" varchar not null default 'string', "created_at" datetime, "updated_at" datetime, foreign key("shop_id") references "shops"("id") on delete cascade, foreign key("branch_id") references "branches"("id") on delete set null);
INSERT INTO settings VALUES(1,1,1,'mail_gmail_address','grahamransford3@gmail.com','string','2026-04-13 15:14:06','2026-04-13 15:14:06');
INSERT INTO settings VALUES(2,1,1,'mail_gmail_app_password','kzejccrfmjccrtvf','string','2026-04-13 15:14:06','2026-04-13 15:14:06');
INSERT INTO settings VALUES(3,1,1,'mail_from_name','Main Branch','string','2026-04-13 15:14:06','2026-04-13 15:14:06');
INSERT INTO settings VALUES(4,1,1,'mail_enabled','1','boolean','2026-04-13 15:14:06','2026-04-13 15:14:06');
INSERT INTO settings VALUES(5,1,NULL,'notify_low_stock','1','boolean','2026-04-13 15:35:24','2026-04-13 15:35:24');
INSERT INTO settings VALUES(6,1,NULL,'notify_new_sale','1','boolean','2026-04-13 15:35:24','2026-04-13 15:35:24');
INSERT INTO settings VALUES(7,1,NULL,'notify_daily_summary','1','boolean','2026-04-13 15:35:24','2026-04-13 15:35:24');
INSERT INTO settings VALUES(8,1,NULL,'notify_debt_reminder','0','boolean','2026-04-13 15:35:24','2026-04-13 15:35:24');
CREATE TABLE IF NOT EXISTS "purchase_orders" ("id" integer primary key autoincrement not null, "reference" varchar not null, "shop_id" integer not null, "branch_id" integer not null, "created_by" integer not null, "approved_by" integer, "supplier_name" varchar, "supplier_phone" varchar, "notes" text, "status" varchar check ("status" in ('draft', 'pending', 'approved', 'rejected', 'partial', 'received')) not null default 'draft', "approved_at" datetime, "expected_at" datetime, "created_at" datetime, "updated_at" datetime, foreign key("shop_id") references "shops"("id") on delete cascade, foreign key("branch_id") references "branches"("id") on delete cascade, foreign key("created_by") references "users"("id") on delete cascade, foreign key("approved_by") references "users"("id") on delete set null);
CREATE TABLE IF NOT EXISTS "purchase_order_items" ("id" integer primary key autoincrement not null, "purchase_order_id" integer not null, "product_id" integer not null, "product_name" varchar not null, "quantity_requested" numeric not null, "quantity_received" numeric not null default '0', "unit_cost" numeric not null default '0', "status" varchar check ("status" in ('pending', 'received', 'partial', 'missing')) not null default 'pending', "notes" text, "created_at" datetime, "updated_at" datetime, foreign key("purchase_order_id") references "purchase_orders"("id") on delete cascade, foreign key("product_id") references "products"("id") on delete cascade);
CREATE TABLE IF NOT EXISTS "licenses" ("id" integer primary key autoincrement not null, "license_key" varchar not null, "plan_name" varchar, "plan_slug" varchar, "status" varchar check ("status" in ('active', 'expired', 'invalid', 'suspended')) not null default 'active', "activated_at" datetime, "expires_at" datetime, "verified_at" datetime, "verification_token" varchar, "days_remaining" integer not null default '0', "created_at" datetime, "updated_at" datetime);
INSERT INTO licenses VALUES(1,'OMNI-NBEP-7R42-QOTQ-WBUY','Test Plan',NULL,'active','2026-04-13 18:43:16','2024-05-13 18:43:16','2026-04-13 18:43:16','test-token-1776105796',30,'2026-04-13 13:34:15','2026-04-13 18:43:16');
INSERT INTO licenses VALUES(2,'OMNI-CHCG-AVIP-PN98-RI0I','Test Plan',NULL,'active','2026-04-13 18:41:53','2024-05-13 18:41:53','2026-04-13 18:41:53','test-token-1776105713',30,'2026-04-13 13:47:29','2026-04-13 18:41:53');
INSERT INTO licenses VALUES(3,'OMNI-TEST-1234-ABCD-EFGH','Test Plan',NULL,'active','2026-04-13 15:11:48','2024-05-13 15:11:48','2026-04-13 15:11:48','test-token-1776093108',30,'2026-04-13 15:11:48','2026-04-13 15:11:48');
INSERT INTO licenses VALUES(4,'OMNI-HSUD-BVPR-ML7M-U4QC','Test Plan',NULL,'active','2026-04-13 18:41:19','2024-05-13 18:41:19','2026-04-13 18:41:19','test-token-1776105679',30,'2026-04-13 18:41:19','2026-04-13 18:41:19');
INSERT INTO licenses VALUES(5,'OMNI-4G2Q-4YYN-JASM-BTXH','Test Plan',NULL,'active','2026-04-13 18:45:53','2024-05-13 18:45:53','2026-04-13 18:45:53','test-token-1776105953',30,'2026-04-13 18:45:53','2026-04-13 18:45:53');
INSERT INTO licenses VALUES(6,'OMNI-4JRH-7HX1-JU6G-HUWR','Test Plan',NULL,'active','2026-04-13 18:56:51','2026-05-13 18:56:51','2026-04-13 18:56:51','test-token-1776106611',30,'2026-04-13 18:56:51','2026-04-13 18:56:51');
CREATE TABLE IF NOT EXISTS "license_plans" ("id" integer primary key autoincrement not null, "name" varchar not null, "slug" varchar not null, "duration_days" integer not null, "price" numeric not null, "currency" varchar not null default 'GHS', "created_at" datetime, "updated_at" datetime, "is_active" tinyint(1) not null default '1');
INSERT INTO license_plans VALUES(1,'1 Month','month_1',30,50,'GHS','2026-04-13 11:47:19','2026-04-13 11:47:19',1);
INSERT INTO license_plans VALUES(2,'2 Months','month_2',60,90,'GHS','2026-04-13 11:47:19','2026-04-13 11:47:19',1);
INSERT INTO license_plans VALUES(3,'1 Year','year_1',365,300,'GHS','2026-04-13 11:47:19','2026-04-13 11:47:19',1);
CREATE TABLE IF NOT EXISTS "license_verifications" ("id" integer primary key autoincrement not null, "license_id" integer not null, "ip_address" varchar, "domain" varchar, "success" tinyint(1) not null default '0', "verified_at" datetime not null, "created_at" datetime, "updated_at" datetime, foreign key("license_id") references "licenses"("id") on delete cascade);
INSERT INTO sqlite_sequence VALUES('migrations',21);
INSERT INTO sqlite_sequence VALUES('shops',1);
INSERT INTO sqlite_sequence VALUES('branches',1);
INSERT INTO sqlite_sequence VALUES('users',1);
INSERT INTO sqlite_sequence VALUES('activity_logs',21);
INSERT INTO sqlite_sequence VALUES('license_plans',3);
INSERT INTO sqlite_sequence VALUES('licenses',6);
INSERT INTO sqlite_sequence VALUES('products',1);
INSERT INTO sqlite_sequence VALUES('branch_stocks',1);
INSERT INTO sqlite_sequence VALUES('sales',9);
INSERT INTO sqlite_sequence VALUES('sale_items',9);
INSERT INTO sqlite_sequence VALUES('payments',9);
INSERT INTO sqlite_sequence VALUES('jobs',18);
INSERT INTO sqlite_sequence VALUES('settings',8);
INSERT INTO sqlite_sequence VALUES('customers',2);
CREATE UNIQUE INDEX "users_email_unique" on "users" ("email");
CREATE INDEX "cache_expiration_index" on "cache" ("expiration");
CREATE INDEX "cache_locks_expiration_index" on "cache_locks" ("expiration");
CREATE INDEX "jobs_queue_index" on "jobs" ("queue");
CREATE UNIQUE INDEX "failed_jobs_uuid_unique" on "failed_jobs" ("uuid");
CREATE UNIQUE INDEX "shops_slug_unique" on "shops" ("slug");
CREATE INDEX "products_barcode_index" on "products" ("barcode");
CREATE UNIQUE INDEX "branch_stocks_branch_id_product_id_unique" on "branch_stocks" ("branch_id", "product_id");
CREATE UNIQUE INDEX "sales_reference_unique" on "sales" ("reference");
CREATE INDEX "sessions_user_id_index" on "sessions" ("user_id");
CREATE INDEX "sessions_last_activity_index" on "sessions" ("last_activity");
CREATE UNIQUE INDEX "settings_shop_id_branch_id_key_unique" on "settings" ("shop_id", "branch_id", "key");
CREATE UNIQUE INDEX "purchase_orders_reference_unique" on "purchase_orders" ("reference");
CREATE UNIQUE INDEX "licenses_license_key_unique" on "licenses" ("license_key");
CREATE UNIQUE INDEX "license_plans_slug_unique" on "license_plans" ("slug");
COMMIT;
